username,password
stress_user_1,Test@123456
stress_user_2,Test@123456
stress_user_3,Test@123456
stress_user_4,Test@123456
stress_user_5,Test@123456
stress_user_6,Test@123456
stress_user_7,Test@123456
stress_user_8,Test@123456
stress_user_9,Test@123456
stress_user_10,Test@123456
stress_user_11,Test@123456
stress_user_12,Test@123456
stress_user_13,Test@123456
stress_user_14,Test@123456
stress_user_15,Test@123456
stress_user_16,Test@123456
stress_user_17,Test@123456
stress_user_18,Test@123456
stress_user_19,Test@123456
stress_user_20,Test@123456
stress_user_21,Test@123456
stress_user_22,Test@123456
stress_user_23,Test@123456
stress_user_24,Test@123456
stress_user_25,Test@123456
stress_user_26,Test@123456
stress_user_27,Test@123456
stress_user_28,Test@123456
stress_user_29,Test@123456
stress_user_30,Test@123456
stress_user_31,Test@123456
stress_user_32,Test@123456
stress_user_33,Test@123456
stress_user_34,Test@123456
stress_user_35,Test@123456
stress_user_36,Test@123456
stress_user_37,Test@123456
stress_user_38,Test@123456
stress_user_39,Test@123456
stress_user_40,Test@123456
stress_user_41,Test@123456
stress_user_42,Test@123456
stress_user_43,Test@123456
stress_user_44,Test@123456
stress_user_45,Test@123456
stress_user_46,Test@123456
stress_user_47,Test@123456
stress_user_48,Test@123456
stress_user_49,Test@123456
stress_user_50,Test@123456
stress_user_51,Test@123456
stress_user_52,Test@123456
stress_user_53,Test@123456
stress_user_54,Test@123456
stress_user_55,Test@123456
stress_user_56,Test@123456
stress_user_57,Test@123456
stress_user_58,Test@123456
stress_user_59,Test@123456
stress_user_60,Test@123456
stress_user_61,Test@123456
stress_user_62,Test@123456
stress_user_63,Test@123456
stress_user_64,Test@123456
stress_user_65,Test@123456
stress_user_66,Test@123456
stress_user_67,Test@123456
stress_user_68,Test@123456
stress_user_69,Test@123456
stress_user_70,Test@123456
stress_user_71,Test@123456
stress_user_72,Test@123456
stress_user_73,Test@123456
stress_user_74,Test@123456
stress_user_75,Test@123456
stress_user_76,Test@123456
stress_user_77,Test@123456
stress_user_78,Test@123456
stress_user_79,Test@123456
stress_user_80,Test@123456
stress_user_81,Test@123456
stress_user_82,Test@123456
stress_user_83,Test@123456
stress_user_84,Test@123456
stress_user_85,Test@123456
stress_user_86,Test@123456
stress_user_87,Test@123456
stress_user_88,Test@123456
stress_user_89,Test@123456
stress_user_90,Test@123456
stress_user_91,Test@123456
stress_user_92,Test@123456
stress_user_93,Test@123456
stress_user_94,Test@123456
stress_user_95,Test@123456
stress_user_96,Test@123456
stress_user_97,Test@123456
stress_user_98,Test@123456
stress_user_99,Test@123456
stress_user_100,Test@123456
